,"Saint Petersburg, Russia","Istanbul, Turkey","Izmir, Turkey","Helsinki, Finland","Chisinau, Moldova","Milan, Italy","Cairo, Egypt","Banja Luka, Bosnia And Herzegovina","Baku, Azerbaijan","Guadalajara, Mexico","Kathmandu, Nepal","Hanoi, Vietnam","Ho Chi Minh City, Vietnam","Mexico City, Mexico","Rome, Italy","Monterrey, Mexico","Yekaterinburg, Russia","Sarajevo, Bosnia And Herzegovina","Kharkiv, Ukraine","Kiev, Ukraine","Calgary, Canada","Tunis, Tunisia","Edmonton, Canada","Amsterdam, Netherlands","Belgrade, Serbia","Odessa, Ukraine","Paris, France","Eindhoven, Netherlands","Plovdiv, Bulgaria","Thessaloniki, Greece","Ottawa, Canada","Sofia, Bulgaria","Rotterdam, Netherlands","Varna, Bulgaria","Novi Sad, Serbia","Utrecht, Netherlands","Berlin, Germany","Beirut, Lebanon","Austin, TX, United States","Singapore, Singapore","Toronto, Canada","Auckland, New Zealand","Podgorica, Montenegro","Vancouver, Canada","Tokyo, Japan","Victoria, Canada","Winnipeg, Canada","Boston, MA, United States","Chicago, IL, United States","Almaty, Kazakhstan","Oslo, Norway","Frankfurt, Germany","Bratislava, Slovakia","Dallas, TX, United States","Zagreb, Croatia","Hamburg, Germany","Krakow (Cracow), Poland","Riga, Latvia","Gdansk, Poland","Santiago, Chile","Nairobi, Kenya","Abu Dhabi, United Arab Emirates","Houston, TX, United States","Tbilisi, Georgia","Dubai, United Arab Emirates","Bogota, Colombia","Brno, Czech Republic","Munich, Germany","Poznan, Poland","Las Vegas, NV, United States","London, United Kingdom","Los Angeles, CA, United States","Panama City, Panama","Seoul, South Korea","Warsaw, Poland","Prague, Czech Republic","Wroclaw, Poland","Kuala Lumpur, Malaysia","New York, NY, United States","Copenhagen, Denmark","Ljubljana, Slovenia","Chandigarh, India","Colombo, Sri Lanka","Noida, India","Kaunas, Lithuania","Athens, Greece","Phoenix, AZ, United States","Hong Kong, Hong Kong","Portland, OR, United States","Lisbon, Portugal","Beijing, China","Cape Town, South Africa","Tirana, Albania","Porto, Portugal","Durban, South Africa","Budapest, Hungary","Vilnius, Lithuania","Johannesburg, South Africa","Barcelona, Spain","San Diego, CA, United States","San Francisco, CA, United States","Lima, Peru","Seattle, WA, United States","Brasov, Romania","Bucharest, Romania","Tashkent, Uzbekistan","Ahmedabad, India","Cluj-Napoca, Romania","Madrid, Spain","Tallinn, Estonia","Bangalore, India","Iasi, Romania","Chennai, India","Doha, Qatar","Delhi, India","Gurgaon, India","Valencia, Spain","Vienna, Austria","Hyderabad, India","Montevideo, Uruguay","Tel Aviv-Yafo, Israel","Timisoara, Romania","Taipei, Taiwan","Kolkata, India","Skopje, Macedonia","Shanghai, China","Bangkok, Thailand","Mumbai, India","Reykjavik, Iceland","Amman, Jordan","Pune, India","Stockholm, Sweden","Buenos Aires, Argentina","Minsk, Belarus","San Jose, Costa Rica","Casablanca, Morocco","Lodz, Poland","Montreal, Canada","Sao Paulo, Brazil","Gothenburg, Sweden","Dublin, Ireland","Moscow, Russia","Santo Domingo, Dominican Republic","Adelaide, Australia","Zurich, Switzerland","Yerevan, Armenia","Manila, Philippines","Brisbane, Australia","Jakarta, Indonesia","Ankara, Turkey","Lviv, Ukraine","Novosibirsk, Russia","Bursa, Turkey","Brussels, Belgium","Jerusalem, Israel","Melbourne, Australia","Perth, Australia","Sydney, Australia","Alexandria, Egypt","Quito, Ecuador"
"Meal, Inexpensive Restaurant",7.34,4.58,3.06,12.0,4.67,15.0,3.38,3.58,5.27,5.25,1.99,1.94,1.94,4.77,15.0,5.75,5.88,3.57,4.5,5.63,13.75,1.92,13.75,15.0,5.39,5.65,15.0,15.0,5.1,10.0,11.0,6.14,13.0,6.12,4.84,15.0,8.5,8.98,13.48,8.33,13.75,11.95,5.0,11.69,8.19,12.05,10.31,13.47,13.47,4.77,18.7,10.0,6.0,13.48,6.72,11.0,5.91,7.0,5.91,6.94,4.43,6.12,13.48,4.67,7.33,3.3,5.95,12.0,5.9,13.47,17.49,13.47,8.98,6.42,5.91,5.95,5.91,2.87,17.97,17.4,8.0,2.54,1.49,3.8,6.0,10.0,10.77,5.78,12.58,8.5,3.91,8.91,4.1,7.0,7.47,5.99,7.0,8.47,11.0,13.48,15.95,3.26,13.48,6.27,6.28,3.59,1.9,5.23,12.0,8.0,2.53,5.23,1.52,6.18,3.8,3.8,8.75,10.0,1.9,8.41,15.54,5.23,3.61,2.53,4.87,4.56,1.78,3.8,17.96,6.34,3.16,11.4,5.99,8.93,6.29,4.45,4.72,10.31,6.58,10.45,15.0,8.8,5.1,11.19,23.12,4.7,3.56,12.38,2.62,3.82,3.75,5.72,3.82,15.0,15.56,10.22,12.43,11.81,2.81,3.59
"Meal for 2 People, Mid-range Restaurant, Three-course",29.35,15.28,12.22,65.0,20.74,60.0,17.48,22.99,23.73,23.86,11.92,15.52,17.5,23.86,55.0,23.94,29.42,20.42,18.76,22.51,42.97,12.78,48.12,65.0,24.62,20.67,50.0,56.5,20.42,35.0,55.0,25.57,50.0,20.42,17.85,65.0,40.0,53.91,44.92,39.98,55.0,50.78,25.0,55.0,40.97,49.93,41.25,62.85,53.87,23.84,80.88,50.0,30.0,44.92,33.58,50.0,23.62,40.0,23.62,34.68,26.58,48.92,53.91,18.69,48.89,19.24,25.19,60.0,23.61,53.87,64.15,58.36,35.94,31.11,28.35,29.75,25.99,16.6,76.37,80.29,35.0,10.16,14.9,12.66,30.0,40.0,53.87,46.26,44.92,35.0,26.04,35.81,24.62,30.0,25.53,29.96,35.0,31.37,40.0,53.91,71.88,21.71,62.89,20.91,27.21,15.72,8.86,23.0,40.0,45.0,12.66,20.93,7.59,49.47,15.19,12.66,35.0,45.0,8.86,31.23,64.75,20.91,24.04,10.76,16.25,26.04,23.74,15.19,109.16,38.02,12.66,66.47,20.97,27.95,42.47,20.63,23.61,44.69,28.51,75.97,60.0,36.69,34.01,40.39,92.46,22.54,17.82,49.54,16.4,15.28,18.76,22.01,11.47,60.0,62.24,49.54,56.55,54.37,14.06,31.45
McMeal at McDonalds (or Equivalent Combo Meal),4.4,3.82,3.06,8.0,4.15,8.0,4.51,3.58,4.22,4.25,5.56,3.88,3.87,4.77,8.0,4.31,4.12,4.08,3.75,3.75,6.87,3.19,6.53,8.0,5.09,3.67,8.7,8.0,4.59,6.5,6.87,4.6,8.0,4.08,4.42,8.0,7.0,7.19,7.19,5.33,7.56,6.57,3.0,6.87,5.7,6.89,6.8,7.18,7.18,3.81,11.12,8.0,6.0,6.51,5.37,8.0,4.72,5.0,4.25,5.2,6.2,6.24,6.74,4.05,6.11,4.4,5.16,8.0,4.72,7.18,7.0,7.18,6.06,5.06,4.72,5.55,4.72,3.32,8.09,10.04,5.0,3.3,4.22,3.16,5.0,6.0,6.73,4.05,6.74,6.0,4.56,3.74,4.76,6.0,3.74,4.79,5.0,3.45,7.0,6.74,8.98,4.21,7.19,4.18,4.19,2.7,3.16,4.18,8.0,6.0,3.16,4.19,3.35,6.18,3.16,3.16,7.0,7.25,3.8,6.96,12.95,4.18,3.91,3.79,3.25,4.56,5.04,3.8,11.64,6.34,3.16,7.6,4.94,4.49,6.29,5.16,4.25,6.87,5.92,7.6,8.0,4.4,5.1,6.84,12.94,4.6,2.67,7.43,3.28,3.51,3.56,3.67,3.06,8.2,12.97,7.12,7.32,7.15,3.38,5.39
Domestic Beer (0.5 liter draught),2.2,3.06,2.29,6.5,1.04,5.0,1.69,1.02,0.84,1.43,2.38,0.78,0.78,1.91,5.0,1.68,1.47,1.79,0.88,1.13,4.81,1.6,4.12,5.0,1.7,0.94,7.0,5.0,1.28,3.5,4.81,1.53,4.0,1.02,1.5,5.0,3.5,3.22,4.49,6.66,5.16,5.68,1.5,4.81,4.1,4.82,4.12,6.29,4.94,1.07,9.0,4.0,2.0,4.49,2.01,4.0,2.13,2.9,2.13,2.95,2.04,9.78,5.39,0.93,11.0,0.96,1.39,3.8,2.01,5.39,5.83,5.39,2.58,3.11,2.36,1.59,1.89,3.32,6.29,6.69,2.6,1.9,1.49,1.39,2.7,4.0,3.59,5.78,4.49,2.0,1.95,2.18,1.27,2.0,1.62,1.5,3.0,1.73,2.5,5.39,6.29,1.9,5.39,1.25,1.78,0.9,1.9,1.57,3.0,4.0,1.9,1.26,1.9,11.13,1.9,1.96,2.0,4.0,1.52,1.92,7.77,1.25,1.77,1.87,1.62,1.3,2.37,2.28,8.73,6.34,2.28,6.55,1.5,1.8,2.36,2.58,1.77,4.81,1.97,6.31,5.8,2.93,1.7,4.97,6.24,1.13,1.25,4.95,2.62,2.75,1.5,1.1,2.37,4.0,7.26,5.57,5.9,4.97,1.69,1.35
Imported Beer (0.33 liter bottle),2.2,3.06,2.75,6.75,1.43,5.0,2.82,1.53,2.11,2.39,3.18,1.55,1.36,2.86,4.0,2.39,2.94,1.79,1.29,1.8,5.5,1.6,4.12,4.0,1.95,1.2,6.0,3.0,1.53,4.5,4.81,1.97,4.0,1.53,1.8,4.5,3.1,4.17,5.39,8.0,5.5,5.38,1.9,4.81,4.92,4.82,4.81,6.73,6.29,1.43,9.1,3.5,2.0,5.39,2.42,3.5,2.36,2.2,2.36,3.47,2.66,9.78,5.84,1.25,11.0,2.2,1.59,3.9,2.36,6.29,5.25,6.29,3.59,4.67,2.36,1.98,2.36,4.42,7.19,5.35,3.4,3.17,2.48,2.53,3.0,4.0,4.49,5.78,4.49,2.5,3.06,2.49,2.0,2.5,1.68,1.8,3.0,2.2,3.0,6.29,7.19,2.71,5.84,1.88,2.09,1.8,3.8,2.09,3.0,4.0,3.8,1.88,3.16,11.13,3.1,3.16,2.5,4.0,2.53,2.4,7.77,1.67,2.1,3.48,1.95,2.93,4.45,3.92,7.28,6.34,3.54,6.65,1.95,2.7,3.81,2.81,1.65,5.5,3.29,6.17,5.5,2.57,2.55,5.59,5.55,1.69,2.32,5.57,3.44,3.06,1.5,2.2,3.06,4.0,7.26,5.57,5.59,4.97,2.81,2.7
Coke/Pepsi (0.33 liter bottle),0.76,0.64,0.61,2.66,0.64,2.49,0.29,1.18,0.37,0.66,0.45,0.45,0.43,0.61,1.87,0.69,0.77,1.36,0.38,0.58,1.63,0.5,1.48,2.35,1.34,0.57,3.14,2.41,0.95,1.46,1.39,0.84,2.09,0.87,1.15,2.53,2.02,0.74,1.87,1.25,1.64,2.0,1.68,1.4,1.2,1.55,1.49,1.75,1.75,0.4,2.92,2.39,1.62,1.69,1.91,2.6,1.09,1.01,1.1,0.94,0.53,0.8,1.81,0.39,0.82,0.68,1.19,2.73,0.92,1.45,1.66,2.03,1.14,1.33,0.99,1.24,0.97,0.59,1.85,3.02,2.15,0.35,0.56,0.39,1.31,1.54,1.53,1.01,1.78,1.35,0.47,0.84,1.07,1.34,0.79,1.01,1.5,0.9,1.63,1.74,2.26,0.69,1.97,1.07,1.39,0.54,0.39,1.14,1.71,1.83,0.44,1.16,0.42,0.65,0.42,0.39,1.51,2.77,0.42,1.25,2.37,0.99,0.8,0.35,1.27,0.56,0.51,0.45,2.61,0.47,0.44,2.3,0.94,0.66,1.37,0.46,0.99,1.5,1.1,2.22,1.8,0.8,0.79,2.15,3.87,0.6,0.62,2.04,0.56,0.65,0.48,0.69,0.7,2.47,2.07,1.91,1.79,1.99,0.32,0.71
Water (0.33 liter bottle) ,0.53,0.24,0.22,1.89,0.44,1.12,0.18,0.74,0.21,0.51,0.2,0.28,0.26,0.47,0.99,0.54,0.53,0.68,0.29,0.45,1.51,0.28,1.2,1.96,0.92,0.42,2.19,1.99,0.64,0.5,1.18,0.59,1.59,0.54,0.78,1.99,1.73,0.39,1.37,0.91,1.24,1.89,1.04,1.26,0.87,1.41,1.26,1.53,1.52,0.31,2.51,2.1,1.25,1.42,1.32,2.09,0.96,0.69,0.9,0.8,0.45,0.29,1.59,0.18,0.36,0.55,0.89,2.44,0.71,1.06,1.31,1.59,0.92,0.75,0.8,0.92,0.75,0.34,1.59,2.22,1.58,0.22,0.22,0.17,1.11,0.5,1.07,0.9,1.35,0.99,0.3,0.66,0.54,0.99,0.63,0.82,1.24,0.71,1.22,1.39,1.72,0.48,1.52,0.9,1.22,0.21,0.19,1.0,1.3,1.45,0.19,0.92,0.19,0.28,0.19,0.2,1.04,2.05,0.18,1.01,1.82,0.83,0.59,0.14,0.76,0.33,0.27,0.17,1.92,0.34,0.18,1.97,0.73,0.49,1.18,0.3,0.79,1.16,0.69,1.76,1.59,0.51,0.46,1.72,3.21,0.34,0.36,1.61,0.26,0.2,0.37,0.52,0.23,2.07,1.71,1.7,1.62,1.68,0.19,0.47
"Milk (regular), (1 liter)",0.98,0.71,0.65,0.96,0.68,1.21,0.84,0.69,0.83,0.87,0.67,1.32,1.21,0.91,1.28,0.91,0.75,0.7,0.85,0.93,1.35,0.39,1.57,1.02,0.79,0.97,1.24,0.93,1.03,1.11,1.44,1.04,0.89,1.02,0.76,0.92,0.8,1.89,0.75,2.04,1.94,1.59,0.79,1.63,1.55,1.53,1.21,0.78,0.7,0.75,1.8,0.72,0.76,0.64,0.87,0.85,0.61,0.88,0.59,0.87,0.94,1.53,0.68,0.97,1.4,0.76,0.71,0.86,0.63,0.7,1.13,0.87,1.38,1.95,0.63,0.77,0.56,1.45,1.04,1.21,0.91,0.7,1.09,0.61,0.85,1.23,0.51,2.54,0.78,0.65,1.7,0.91,1.07,0.67,0.87,0.7,0.86,1.0,0.86,0.88,0.98,1.26,0.77,0.91,1.02,0.64,0.64,0.98,0.83,0.7,0.53,0.9,0.6,1.62,0.64,0.63,0.67,1.03,0.62,0.67,1.54,0.92,2.64,0.5,0.84,2.39,1.51,0.68,1.2,1.49,0.63,1.16,0.81,0.68,1.23,0.67,0.55,1.4,0.74,1.1,0.95,1.03,1.03,0.97,1.58,0.82,1.48,0.9,1.24,0.69,0.85,0.85,0.69,0.97,1.43,0.9,1.03,0.9,0.81,0.87
Loaf of Fresh White Bread (500g),0.71,0.36,0.38,2.27,0.33,1.94,0.51,0.63,0.26,1.35,0.43,0.71,0.66,1.44,1.54,1.51,0.43,0.52,0.41,0.58,1.83,0.1,1.82,1.43,0.42,0.45,1.52,1.09,0.56,0.91,1.94,0.56,1.12,0.51,0.43,1.15,1.34,0.86,2.4,1.5,1.99,1.42,0.53,2.36,1.54,2.16,1.71,2.62,2.54,0.24,2.92,1.27,0.96,2.2,0.86,1.58,0.76,0.88,0.67,1.26,0.52,1.2,2.03,0.28,1.12,0.81,0.89,1.56,0.7,1.81,1.27,2.99,1.79,2.47,0.76,0.98,0.75,0.74,3.33,2.75,1.08,0.44,0.42,0.4,1.13,0.79,2.18,1.84,2.83,1.11,1.6,0.86,0.61,1.25,0.79,0.69,0.97,0.85,0.99,3.27,3.12,1.44,2.76,0.57,0.58,0.15,0.45,0.64,1.05,0.87,0.44,0.54,0.41,1.4,0.4,0.4,0.81,1.75,0.45,1.69,2.24,0.68,1.63,0.29,0.47,1.76,0.99,0.41,2.91,0.43,0.44,2.18,1.1,0.56,1.69,0.84,0.61,2.39,1.35,2.32,1.42,0.62,1.23,1.44,2.88,0.43,1.05,1.73,1.11,0.41,0.46,0.49,0.42,1.64,1.54,1.88,1.76,1.85,0.51,1.35
Eggs (regular) (12),1.18,1.62,1.51,2.02,1.11,2.87,1.04,1.47,1.03,1.25,1.29,1.31,1.26,1.36,2.96,1.6,0.92,1.49,1.0,1.13,2.19,0.82,2.2,2.64,1.37,1.18,3.4,2.44,1.53,3.03,2.08,1.73,2.2,1.5,1.24,2.45,1.9,2.59,2.24,1.97,2.27,2.82,1.42,2.71,1.95,2.51,2.17,2.34,2.05,0.9,3.79,1.94,1.92,1.85,2.04,2.0,1.67,1.69,1.97,2.24,1.55,2.29,1.92,1.12,2.67,1.36,1.65,2.3,1.87,1.64,2.39,2.91,1.95,2.67,1.86,1.7,1.9,1.19,3.28,3.07,2.29,0.78,1.08,0.84,1.53,2.92,1.85,2.75,2.62,1.67,1.68,1.95,1.47,1.79,1.52,1.49,1.53,1.91,1.56,3.2,2.82,1.73,2.4,1.87,2.07,0.92,0.83,2.01,1.65,1.58,0.81,1.97,0.75,2.53,0.87,1.01,1.52,2.55,0.78,2.04,3.19,2.11,2.24,0.78,1.38,2.3,1.67,0.84,4.8,1.89,0.85,2.81,1.35,1.11,2.5,1.2,1.76,2.23,1.62,2.53,2.79,1.26,1.64,2.5,5.33,1.44,1.51,2.45,1.52,1.4,1.21,1.0,1.63,2.65,3.32,2.85,2.59,2.79,1.02,1.59
Local Cheese (1kg),7.6,5.32,4.97,6.87,5.79,13.54,3.16,4.76,3.54,4.09,7.48,14.41,11.35,4.93,12.33,5.2,6.29,5.58,6.47,7.07,9.53,6.52,7.4,11.93,5.03,6.61,18.14,10.23,5.03,7.52,8.14,5.99,9.64,4.91,4.62,10.49,8.12,9.51,9.01,12.38,13.71,5.8,4.89,11.49,9.64,8.83,6.95,12.75,9.95,5.87,10.64,7.77,7.54,6.88,7.62,8.33,5.51,6.16,5.75,7.57,7.57,8.56,8.0,3.38,9.81,3.19,7.35,10.39,5.6,7.05,7.87,9.48,10.27,17.41,6.61,8.05,5.91,9.39,14.21,10.5,10.36,4.87,10.49,2.96,7.12,8.38,9.65,19.15,12.78,7.58,15.07,6.46,5.45,6.3,5.84,5.67,6.82,6.45,10.88,10.03,15.47,6.94,14.42,5.78,5.25,3.73,5.83,5.55,9.87,7.2,5.79,4.74,4.88,8.09,4.22,4.37,10.83,10.41,5.11,7.55,12.84,4.33,17.0,4.29,5.33,13.48,19.58,5.11,12.29,7.3,5.77,8.17,5.74,5.44,5.94,7.19,5.53,12.14,7.78,8.89,7.51,9.03,6.01,5.91,22.63,4.29,4.41,5.54,6.7,5.09,5.59,7.3,5.93,13.14,10.63,6.12,6.52,7.68,3.68,5.47
Water (1.5 liter bottle),0.63,0.33,0.29,1.54,0.59,0.4,0.29,0.48,0.43,0.73,0.28,0.59,0.47,0.66,0.38,0.79,0.46,0.51,0.4,0.49,1.59,0.22,1.24,0.83,0.43,0.48,0.9,0.81,0.5,0.78,1.21,0.54,0.73,0.47,0.43,0.8,0.52,0.7,1.38,1.11,1.39,1.31,0.7,1.71,1.07,1.62,1.53,1.58,2.08,0.42,1.7,0.5,0.59,1.41,0.92,0.51,0.47,0.57,0.45,0.96,1.11,0.62,1.38,0.36,0.55,0.77,0.53,0.58,0.39,1.05,0.91,1.77,1.46,1.17,0.5,0.53,0.45,0.52,2.07,1.07,0.59,0.42,0.49,0.37,0.76,0.83,1.62,1.57,1.75,0.63,0.56,1.02,0.44,0.56,1.05,0.34,0.66,1.01,0.61,1.63,1.74,0.9,1.68,0.47,0.51,0.28,0.35,0.54,0.71,0.58,0.36,0.53,0.39,0.51,0.37,0.35,0.38,0.54,0.37,1.06,1.28,0.49,1.12,0.35,0.43,0.61,0.51,0.36,1.57,0.53,0.37,1.61,0.85,0.58,2.16,0.54,0.44,1.42,0.61,1.3,1.41,0.62,1.17,1.46,1.13,0.44,0.69,1.34,0.49,0.26,0.46,0.5,0.29,0.94,1.5,1.28,1.68,1.29,0.26,0.93
Bottle of Wine (Mid-Range),5.87,7.64,6.11,12.0,3.61,7.0,10.72,4.34,4.75,7.16,6.75,7.76,9.72,7.16,6.0,9.58,6.99,4.59,3.75,3.75,10.31,4.79,10.31,5.99,4.24,3.01,8.0,5.99,5.1,6.5,10.31,4.6,5.0,4.59,4.04,6.0,5.0,8.98,10.78,19.99,11.0,8.96,4.0,13.75,9.01,13.77,10.31,13.02,12.57,4.77,15.17,5.0,5.0,10.78,5.37,5.0,5.91,6.0,4.72,5.2,8.86,17.12,10.78,4.36,14.67,8.24,4.76,5.0,4.72,11.63,9.33,10.77,8.31,15.55,5.91,5.16,5.91,15.48,13.48,8.03,6.0,12.7,12.42,9.65,7.5,7.5,9.88,13.88,12.58,5.0,13.02,4.36,6.57,4.0,3.27,4.04,6.5,4.39,6.0,10.78,13.48,9.5,13.48,4.18,4.6,2.7,7.59,4.18,5.45,7.0,7.59,4.19,6.33,28.32,9.49,10.12,4.0,6.99,8.86,5.65,12.95,4.18,13.52,7.59,4.87,15.63,22.25,7.59,18.19,19.01,7.59,9.5,3.0,7.19,12.58,7.97,4.72,11.68,8.77,9.02,12.0,7.34,10.2,9.32,12.02,5.64,6.68,12.38,29.52,6.87,4.03,5.87,7.65,7.0,10.37,9.29,9.32,11.19,7.03,11.68
Domestic Beer (0.5 liter bottle),0.88,1.79,1.63,2.23,0.77,1.2,1.4,0.5,0.76,0.82,1.78,0.65,0.73,1.08,1.02,0.94,0.86,0.62,0.66,0.75,2.53,0.74,1.54,1.26,0.61,0.68,1.78,1.19,0.62,1.14,1.57,0.7,0.94,0.6,0.56,1.1,0.86,1.21,2.14,3.45,2.17,3.24,0.96,2.06,2.22,2.02,1.59,2.01,1.82,0.56,3.04,0.88,0.72,2.18,1.02,0.8,0.77,1.03,0.76,1.0,1.86,2.97,2.06,0.72,3.79,0.76,0.61,0.95,0.72,1.88,2.03,1.68,0.71,2.15,0.78,0.66,0.72,2.03,2.07,1.61,1.05,1.71,1.05,1.34,1.22,1.4,1.41,1.54,1.83,1.09,0.69,1.49,0.77,0.99,0.96,0.78,1.08,1.2,0.83,1.76,2.04,1.5,1.83,0.59,0.72,0.51,1.59,0.73,0.99,1.42,1.57,0.81,1.49,7.58,1.36,1.49,0.69,0.97,1.44,1.56,2.25,0.68,1.41,1.53,0.73,0.66,1.79,1.7,2.46,4.44,1.62,1.82,0.99,0.85,1.89,2.08,0.69,1.77,1.17,1.56,2.42,0.93,1.87,3.41,1.79,0.75,0.87,3.36,2.11,1.74,0.62,0.9,1.64,1.24,2.02,3.13,2.99,3.42,1.31,1.26
Imported Beer (0.33 liter bottle),1.89,2.48,2.09,2.95,1.38,2.01,2.06,0.86,1.94,1.48,2.5,1.18,1.13,2.15,1.57,1.41,1.33,1.0,1.18,1.32,2.75,0.9,2.37,2.07,1.1,1.37,2.27,1.78,1.02,1.93,1.94,1.29,1.54,0.99,0.99,1.75,1.32,1.91,3.0,3.8,2.22,2.76,1.46,2.63,3.45,2.08,1.92,2.32,1.88,1.1,3.6,1.2,1.27,2.58,1.6,1.18,1.2,1.31,1.16,1.67,2.55,2.8,2.53,1.02,3.78,1.55,1.04,1.15,1.0,2.72,2.13,2.24,2.35,2.23,1.14,1.26,0.96,2.94,2.43,2.18,1.73,2.76,1.66,2.17,1.71,2.0,1.75,2.18,3.14,1.93,1.89,1.96,1.14,2.13,1.47,1.08,1.39,1.73,1.44,2.14,1.98,2.8,2.19,1.01,1.23,1.46,2.99,1.27,1.69,1.53,2.99,1.3,2.59,8.42,2.39,2.38,1.0,1.54,2.36,1.86,3.11,1.11,2.09,2.73,0.93,2.01,3.52,3.28,2.4,5.88,2.61,1.88,1.51,1.77,3.37,2.03,1.0,2.11,2.45,1.79,2.69,2.01,2.77,4.07,2.55,1.23,1.48,3.69,2.79,2.37,1.32,1.5,2.14,1.87,3.04,3.37,3.96,3.73,1.97,2.55
Cigarettes 20 Pack (Marlboro),2.2,2.75,2.29,7.7,1.56,5.5,2.26,2.81,2.11,2.48,1.99,1.11,0.97,2.48,5.5,2.49,1.91,2.81,1.43,1.65,11.0,2.08,9.62,7.0,2.8,1.51,8.8,7.0,2.81,4.5,9.97,2.86,7.0,2.81,2.72,7.0,6.4,2.19,6.06,9.33,10.31,17.92,3.2,10.31,4.1,9.64,11.0,9.88,11.67,0.95,11.98,6.4,3.85,6.29,4.03,6.4,3.78,3.8,3.78,4.39,2.22,5.14,6.29,1.56,5.13,1.65,4.17,6.5,3.74,7.17,12.83,8.87,4.69,3.5,3.9,4.05,3.78,3.85,13.48,6.02,4.1,3.81,5.96,3.16,3.75,4.5,6.73,6.82,6.29,5.0,2.6,2.49,2.63,5.0,2.49,4.04,3.95,2.82,5.0,7.19,10.78,3.66,9.66,3.71,3.98,1.17,3.16,3.87,5.0,4.25,3.8,3.77,3.8,5.19,3.8,3.8,5.0,5.5,3.8,3.6,9.07,3.61,3.31,3.8,2.27,2.73,4.38,3.8,10.18,3.17,3.8,6.17,1.62,1.37,3.46,3.28,3.78,8.25,2.19,6.17,12.7,2.2,3.4,18.64,7.86,1.13,1.78,18.58,1.64,2.44,1.54,1.91,2.29,6.7,9.08,19.01,18.64,20.82,2.25,4.49
One-way Ticket (Local Transport),0.59,0.41,0.46,2.8,0.1,2.0,0.28,0.92,0.16,0.43,0.16,0.27,0.23,0.29,1.5,0.57,0.41,0.92,0.3,0.3,2.34,0.16,2.41,3.2,0.76,0.26,1.9,3.99,0.51,1.0,2.41,0.82,4.0,0.51,0.55,2.6,2.8,1.19,1.12,1.2,2.23,2.24,0.9,2.06,1.56,1.72,2.03,2.22,2.24,0.19,3.64,2.75,0.9,2.7,0.54,3.2,0.9,1.15,0.76,0.92,0.71,0.49,1.12,0.16,1.47,0.66,0.99,2.9,0.94,1.8,2.92,1.57,0.22,0.97,1.04,0.95,0.8,0.55,2.47,3.21,1.3,0.25,0.12,0.51,1.0,1.4,1.8,1.16,2.25,1.5,0.52,0.93,0.33,1.27,0.93,1.05,1.0,1.88,2.15,2.25,2.47,0.41,2.47,0.52,0.27,0.13,0.25,0.52,1.5,2.0,0.38,0.52,0.25,0.74,0.38,0.51,1.5,2.4,0.25,0.91,1.53,0.52,0.6,0.13,0.57,0.52,1.04,0.25,3.42,0.63,0.25,3.8,0.3,0.27,0.63,0.47,0.66,2.41,0.94,2.66,3.0,0.73,0.43,2.36,3.88,0.19,0.27,2.48,0.23,0.46,0.26,0.32,0.51,2.1,1.53,2.72,2.58,2.73,0.23,0.22
"Chicken Breasts (Boneless, Skinless), (1kg)",3.96,3.5,3.05,9.42,3.55,8.83,4.18,3.97,2.92,4.65,3.69,3.36,2.45,4.41,8.32,4.72,3.87,3.85,3.48,3.92,9.17,3.39,8.45,8.79,4.51,3.92,12.98,8.44,4.73,6.68,9.04,5.01,7.9,4.5,4.3,8.39,6.95,7.33,7.26,5.88,9.73,7.54,5.17,10.61,6.56,10.94,9.04,11.0,9.53,3.12,12.69,8.11,5.33,9.1,6.79,8.51,3.99,4.96,3.91,4.41,6.07,5.73,6.45,2.82,6.58,3.19,5.83,7.59,3.61,5.68,7.0,9.9,6.55,7.48,4.27,6.07,4.01,2.64,12.37,8.7,7.69,3.58,3.56,3.0,5.07,7.06,7.9,9.24,9.98,5.23,3.15,5.23,4.18,5.38,3.94,4.37,4.52,4.59,6.46,8.4,12.11,4.3,11.23,3.97,4.48,2.35,3.39,4.22,6.23,5.28,3.0,4.21,2.8,6.07,3.35,3.39,5.92,8.95,3.02,6.19,9.41,4.06,7.79,2.43,4.58,4.4,2.7,3.28,14.72,6.06,3.01,9.81,3.69,3.34,7.01,4.39,3.77,10.8,2.76,9.16,8.35,4.13,4.47,6.45,25.23,4.17,3.13,6.23,2.99,3.38,3.6,3.88,3.15,9.07,8.33,6.64,6.9,7.15,4.07,6.01
Monthly Pass (Regular Price),42.56,31.32,22.92,59.7,9.33,39.0,11.28,22.48,9.63,18.67,7.15,7.76,5.83,14.32,35.0,17.96,29.42,27.06,11.42,12.19,72.87,9.58,66.68,97.0,27.17,6.77,75.0,72.0,20.42,30.0,80.09,25.57,70.42,20.42,20.0,90.0,81.0,53.91,37.06,79.96,103.91,128.44,25.0,67.37,81.95,58.54,68.75,80.81,94.28,17.16,75.83,90.4,27.0,86.25,48.36,86.0,25.04,50.0,22.21,43.57,26.58,19.57,44.25,9.34,61.11,32.98,21.82,66.0,26.7,58.36,167.34,89.79,17.97,42.78,25.99,21.82,21.26,22.11,114.11,53.53,37.0,6.35,4.97,12.66,28.0,30.0,57.47,56.96,89.85,40.0,24.74,26.47,13.13,31.0,23.35,28.46,29.0,50.2,50.0,64.69,72.78,23.2,88.95,17.77,10.47,13.48,5.06,14.64,54.6,23.0,15.82,16.74,12.66,37.0,12.66,13.92,41.9,48.0,12.02,36.04,55.69,18.82,38.47,3.16,24.37,26.04,35.61,3.8,93.15,38.02,12.66,84.51,10.78,13.48,42.12,21.57,21.25,59.47,45.82,62.44,125.0,31.84,34.01,61.52,78.59,11.27,12.05,94.23,11.41,22.92,5.63,11.01,22.95,49.0,55.23,95.36,84.02,130.49,8.44,23.81
Gasoline (1 liter),0.67,1.05,1.04,1.54,0.98,1.59,0.45,1.17,0.49,1.0,0.87,0.79,0.8,0.98,1.57,0.97,0.65,1.19,1.09,1.12,0.72,0.63,0.71,1.66,1.35,1.09,1.56,1.62,1.15,1.56,0.81,1.16,1.65,1.12,1.34,1.66,1.44,0.8,0.56,1.5,0.83,1.33,1.34,1.07,1.14,0.98,0.77,0.66,0.74,0.39,1.65,1.43,1.33,0.56,1.35,1.42,1.2,1.28,1.19,0.95,0.99,0.54,0.57,0.78,0.56,0.68,1.29,1.43,1.2,0.76,1.51,0.94,0.72,1.18,1.19,1.29,1.19,0.47,0.71,1.5,1.3,0.91,0.71,0.94,1.18,1.59,0.7,1.96,0.77,1.56,0.93,0.98,1.46,1.53,0.97,1.19,1.2,1.01,1.33,0.92,0.95,1.04,0.84,1.2,1.2,0.46,0.91,1.21,1.34,1.35,0.98,1.19,0.98,0.48,0.94,0.94,1.3,1.24,0.98,1.31,1.64,1.19,0.88,0.96,1.1,0.92,0.89,1.0,1.63,1.07,1.0,1.49,0.79,0.71,1.0,0.97,1.17,0.88,0.92,1.49,1.44,0.68,1.05,0.93,1.53,0.83,0.92,0.92,0.6,1.07,1.14,0.64,1.05,1.44,1.67,0.91,0.87,0.93,0.39,0.54
Volkswagen Golf,19289.39,24443.15,24443.15,22000.0,16335.12,22400.0,25098.6,16859.68,15558.4,16535.22,29976.83,38808.39,38894.22,16702.48,20700.0,16424.2,19857.48,17868.62,22507.19,21608.29,17186.61,21863.24,16499.14,25505.0,17828.77,21584.23,21500.0,24830.0,17863.74,18500.0,17186.61,19518.73,23600.0,18374.14,20402.08,23000.0,19520.0,19766.67,19627.4,76598.98,18011.56,20909.09,16990.0,17186.61,20769.54,17217.21,17186.61,19789.8,19614.71,15494.56,34626.88,25000.0,16000.0,17071.22,19477.3,20000.0,18568.29,18000.0,18568.29,13870.83,14620.32,20179.96,20170.99,9343.0,19555.79,16488.6,17851.84,22500.0,18558.88,18856.43,23325.97,19753.89,16172.73,24887.49,18568.29,17812.17,16772.88,33823.9,19627.4,33453.16,19000.0,10791.47,24834.98,10124.87,18000.0,18000.0,19156.78,28915.3,21563.64,25000.0,18230.92,18683.75,16413.03,25900.0,17242.92,17376.41,17500.0,18824.0,22000.0,20665.15,19802.61,15479.65,22462.12,15960.0,16534.62,17071.22,10757.68,15681.1,20000.0,17600.0,11390.48,15697.62,11390.48,17315.57,10124.87,10757.68,18000.0,22700.0,11517.04,26432.17,34966.12,15960.0,27049.67,10757.68,16978.82,18230.92,38574.86,10757.68,26126.4,30414.16,11390.48,20354.4,16200.77,13477.27,20446.99,20632.89,18558.88,16499.14,20133.28,18991.75,24000.0,20969.6,20780.4,15534.8,22606.84,16043.44,16000.78,15479.87,26244.34,24198.72,20706.61,18196.16,22948.67,20200.0,34229.98,15479.87,16149.98,15845.5,23626.73,21563.64
Apartment (1 bedroom) in City Centre,524.45,291.55,212.22,986.93,244.49,1099.67,188.0,219.72,290.07,309.42,155.63,318.43,421.19,550.18,987.37,342.55,332.66,254.49,346.56,589.81,833.74,173.76,841.34,1584.45,341.08,344.01,1177.51,965.16,240.77,336.96,961.81,370.72,1103.13,235.36,262.4,1135.77,896.5,719.35,1581.66,1859.98,1474.75,1127.81,307.27,1424.9,1013.36,1047.12,679.1,2275.95,1702.25,288.22,1280.03,986.97,635.45,1322.45,473.12,873.12,513.06,385.07,515.0,369.11,383.88,1167.16,1258.81,306.63,1348.79,341.45,558.68,1198.0,443.21,992.86,2015.24,1980.11,811.63,714.76,616.05,805.86,517.55,478.24,2854.26,1234.4,579.89,149.06,325.83,153.28,359.31,377.05,1092.25,2041.88,1399.8,886.21,946.89,695.92,296.37,682.5,302.38,480.55,488.14,421.71,950.28,1816.1,3131.06,435.67,1919.17,304.39,401.41,209.86,199.17,387.79,933.23,533.33,213.5,272.07,163.9,1320.12,200.32,238.36,672.08,858.37,156.95,428.25,1326.91,287.68,487.78,138.31,233.43,970.31,611.26,515.42,1458.29,373.84,205.68,1167.36,245.13,376.92,461.72,386.18,362.66,871.26,448.08,952.59,1692.24,888.23,381.17,817.81,1701.77,320.04,552.51,1041.75,401.19,198.86,364.65,344.85,177.53,838.2,919.4,1134.86,897.5,1568.39,142.04,369.07
Apartment (1 bedroom) Outside of Centre,344.27,177.72,128.36,758.13,177.96,731.69,109.76,159.73,157.97,186.98,100.89,192.28,284.19,342.38,679.27,207.9,232.83,170.61,217.86,340.8,661.22,121.37,680.79,1195.63,216.64,232.04,837.76,838.0,179.23,269.45,745.27,285.96,844.33,170.63,195.75,791.9,651.04,393.83,995.9,1174.57,1180.29,947.13,222.86,1133.13,636.07,872.6,640.46,1716.68,1100.17,178.04,990.78,723.8,486.91,961.01,341.08,647.42,392.83,276.53,380.61,349.97,170.65,888.13,859.49,184.31,888.37,245.33,439.63,873.39,351.37,874.56,1420.02,1564.78,547.73,465.05,467.73,593.84,411.5,273.76,1788.76,919.12,448.26,88.87,116.89,94.92,246.21,338.69,824.8,1405.71,1045.69,619.04,575.19,468.15,175.58,507.14,325.53,356.04,329.77,369.1,725.42,1479.24,2527.11,279.01,1450.04,228.7,268.02,124.02,149.35,284.75,703.38,364.36,124.18,202.65,98.51,874.29,123.19,146.22,463.64,621.65,92.66,338.45,993.88,217.44,323.83,79.35,168.07,477.33,299.91,263.33,1203.14,261.02,127.68,804.1,197.02,244.9,405.66,180.27,280.88,551.99,294.58,715.92,1405.38,518.48,203.64,601.79,1263.69,170.55,192.18,757.35,224.82,125.32,249.9,225.13,121.74,686.19,740.05,859.46,639.56,1140.67,84.65,221.89
Apartment (3 bedrooms) in City Centre,1012.53,545.5,353.76,1819.32,428.67,2311.84,352.74,398.18,608.91,634.96,295.43,608.96,971.4,1139.78,1870.0,757.86,549.9,510.21,615.91,988.82,1352.81,331.41,1340.62,2683.74,652.24,599.79,2597.17,1513.54,412.1,543.56,1642.15,665.27,1845.83,440.04,451.15,1944.44,1681.19,1647.29,2750.15,3509.54,2401.86,2002.12,553.57,2586.43,2270.89,1847.98,1000.58,3574.7,3168.97,565.15,2080.65,1878.93,1055.77,2476.25,777.81,1730.0,897.17,698.49,840.83,701.83,832.14,2308.39,2166.31,625.77,2749.41,608.02,948.79,2191.11,742.09,1665.0,3634.96,3611.37,1387.66,1903.9,1071.69,1294.8,843.34,845.42,5574.89,2210.96,1063.75,360.85,768.96,344.64,616.67,677.0,1657.74,4516.75,2472.7,1697.7,1986.46,1431.46,578.83,1281.43,583.09,920.02,840.0,854.92,1502.94,3254.51,5661.53,847.79,3199.48,468.59,670.59,449.24,366.69,698.74,1643.28,869.29,545.83,479.23,398.88,2500.0,491.27,569.92,1053.57,1584.2,392.34,727.77,2192.51,531.19,1084.45,321.93,418.35,2220.7,1819.06,1443.43,2332.0,619.69,400.17,1930.04,436.43,593.05,884.11,793.74,593.51,1481.25,879.31,1561.88,2964.36,1840.45,754.18,1369.39,3099.86,664.25,1679.37,1796.62,1361.18,322.86,589.43,635.89,315.38,1432.14,1577.52,2027.71,1474.61,2674.32,285.82,680.28
Apartment (3 bedrooms) Outside of Centre,615.19,314.98,225.34,1271.16,330.84,1428.3,229.29,259.32,299.45,388.33,186.01,426.13,588.11,734.62,1176.32,461.34,394.59,307.2,392.63,560.35,1045.82,244.12,1052.03,1884.0,395.57,405.27,1736.93,1245.65,290.7,440.83,1256.39,479.09,1230.43,305.21,302.16,1272.5,1217.77,751.31,1714.92,2007.43,1792.3,1640.38,389.5,1863.02,1221.64,1513.3,944.4,2503.07,1953.12,357.57,1595.19,1307.69,794.0,1607.56,542.49,1306.25,626.23,488.06,612.47,635.33,403.17,1770.69,1494.14,348.41,1887.72,431.88,715.4,1681.91,582.42,1339.05,2373.78,2696.53,962.66,1036.41,789.88,908.64,642.74,450.9,3314.05,1655.25,783.33,219.96,272.27,208.55,396.0,612.7,1317.96,2823.07,1769.49,1131.34,1223.57,954.95,326.01,862.5,639.56,635.08,523.64,706.5,1088.73,2492.91,4320.95,560.23,2321.44,359.43,441.78,239.9,267.89,497.97,1122.1,611.46,315.83,338.9,225.75,1729.62,291.67,350.88,704.81,1105.34,221.72,578.57,1613.78,385.53,730.68,184.5,296.24,1159.18,803.37,608.27,1918.32,446.92,259.74,1198.21,334.47,386.38,757.82,383.51,473.31,942.77,580.49,1138.77,2292.57,990.88,359.54,971.7,2296.54,313.63,462.62,1148.61,634.08,200.2,414.33,406.41,203.48,1116.71,1213.39,1341.31,982.76,1810.32,169.03,447.51
"Basic (Electricity, Heating, Cooling, Water, Garbage) for 85m2 Apartment",102.17,59.33,51.07,82.66,113.46,163.97,25.79,141.04,42.65,22.64,24.92,67.49,51.25,30.09,171.15,49.81,113.13,140.53,117.46,98.74,132.57,30.66,154.54,169.18,135.76,94.58,170.29,168.08,79.71,160.39,102.76,89.74,153.76,75.54,122.93,193.84,231.8,122.43,124.12,97.79,95.48,99.55,103.09,62.72,162.41,78.71,87.74,119.59,117.08,58.48,158.58,265.52,180.44,139.51,174.07,232.62,173.28,172.23,169.9,89.62,46.9,116.51,122.34,52.69,156.63,76.59,145.16,242.66,155.6,138.51,186.96,111.99,90.98,150.79,147.35,177.27,162.51,48.02,116.65,196.67,199.61,60.44,37.91,61.65,122.48,138.77,161.5,176.27,150.98,99.29,55.03,62.35,68.27,101.15,76.88,147.94,115.86,83.28,136.65,123.99,127.73,63.97,144.15,100.39,89.13,31.53,47.94,91.85,119.87,175.25,22.24,115.11,35.72,64.59,51.68,63.53,113.44,158.45,21.79,98.22,197.25,95.29,68.8,29.47,107.26,51.7,88.89,47.45,88.14,80.62,26.65,75.9,68.07,48.29,65.12,35.74,172.01,66.62,54.21,51.69,169.12,126.36,53.67,119.44,162.87,60.06,120.87,108.52,96.12,54.61,88.45,94.51,67.46,122.98,166.88,127.87,129.02,110.7,18.56,39.64
1 min. of Prepaid Mobile Tariff Local (No Discounts or Plans),0.03,0.11,0.09,0.07,0.07,0.18,0.01,0.1,0.03,0.06,0.02,0.06,0.08,0.06,0.18,0.05,0.02,0.12,0.03,0.04,0.19,0.06,0.23,0.18,0.1,0.03,0.19,0.11,0.14,0.44,0.18,0.15,0.13,0.13,0.09,0.15,0.1,0.29,0.09,0.14,0.26,0.31,0.13,0.25,0.37,0.21,0.19,0.08,0.16,0.03,0.08,0.1,0.09,0.13,0.11,0.1,0.05,0.09,0.07,0.11,0.03,0.13,0.13,0.08,0.11,0.05,0.13,0.1,0.06,0.19,0.13,0.11,0.11,0.11,0.06,0.13,0.06,0.06,0.09,0.12,0.07,0.01,0.01,0.01,0.06,0.34,0.1,0.08,0.12,0.21,0.03,0.1,0.21,0.15,0.12,0.08,0.08,0.11,0.13,0.17,0.09,0.17,0.09,0.02,0.07,0.02,0.01,0.07,0.17,0.04,0.01,0.07,0.01,0.15,0.01,0.01,0.18,0.04,0.01,0.16,0.04,0.03,0.13,0.01,0.1,0.03,0.05,0.01,0.15,0.05,0.01,0.12,0.13,0.04,0.06,0.13,0.06,0.23,0.37,0.08,0.26,0.03,0.15,0.32,0.26,0.03,0.14,0.18,0.12,0.11,0.03,0.03,0.12,0.23,0.13,0.12,0.32,0.38,0.01,0.11
"Internet (60 Mbps or More, Unlimited Data, Cable/ADSL)",6.96,14.2,12.89,22.31,8.58,28.93,14.77,21.34,15.51,27.53,16.66,9.41,10.42,26.34,29.64,25.84,7.61,22.77,5.57,5.11,54.67,17.03,52.56,40.47,21.45,5.73,27.15,36.18,11.57,30.22,43.85,10.38,38.2,11.2,19.3,35.06,29.08,49.74,55.38,28.85,44.42,49.79,23.52,48.94,38.33,54.21,48.43,61.7,57.23,10.47,45.73,30.74,15.69,59.67,22.12,31.29,12.75,16.2,12.32,29.58,51.91,93.29,54.13,14.09,90.42,29.06,17.58,34.09,11.62,64.64,37.07,55.74,41.58,19.76,12.7,19.95,12.26,26.76,55.18,34.45,33.0,10.73,13.95,11.58,10.14,31.08,67.23,21.61,60.86,32.35,12.43,61.33,19.18,31.12,58.2,13.06,11.03,59.93,42.57,56.97,60.0,34.82,58.46,7.53,8.47,35.48,7.34,7.34,41.89,22.88,12.42,6.8,11.19,78.31,9.76,12.81,35.26,30.86,9.47,28.65,24.84,7.53,20.55,7.72,15.11,14.26,20.69,9.09,59.63,38.86,11.7,27.98,24.79,12.84,65.3,31.63,12.53,42.59,24.2,30.42,54.01,6.79,50.03,41.95,48.71,14.09,45.47,47.06,26.47,14.11,4.44,7.96,12.93,43.43,24.16,43.28,43.78,43.51,16.57,36.77
"Fitness Club, Monthly Fee for 1 Adult",26.27,25.1,20.64,34.54,26.64,66.62,26.19,20.7,30.43,24.59,24.02,24.06,21.48,49.56,57.77,34.28,35.51,26.5,18.58,20.92,40.58,22.1,38.6,36.67,24.61,20.84,39.98,24.24,24.85,31.3,40.21,24.34,28.8,22.19,22.89,28.05,26.39,65.66,34.53,88.55,37.38,37.68,30.0,35.6,77.29,36.17,34.77,51.97,42.52,39.41,42.44,45.06,26.77,32.58,34.96,42.0,23.27,34.77,28.79,26.45,45.4,73.81,32.13,30.29,71.73,23.8,29.98,34.69,22.13,23.03,46.02,36.78,40.47,55.64,25.97,34.67,22.14,38.52,67.04,36.85,40.61,18.59,15.47,22.23,27.64,28.6,27.66,68.37,39.9,34.6,42.04,34.45,29.49,32.22,27.15,37.85,27.61,33.16,41.14,32.62,77.08,48.84,48.94,29.81,35.84,24.77,18.18,26.21,35.57,45.44,20.0,28.32,17.63,95.89,21.35,29.15,31.35,27.44,18.1,40.13,67.82,25.3,40.35,15.18,22.03,44.9,61.07,24.63,54.44,56.38,16.08,37.83,25.9,31.85,53.68,24.49,26.35,23.04,25.41,32.03,40.22,41.55,22.49,34.05,76.33,43.14,43.97,40.03,38.09,20.81,17.16,27.49,23.4,26.11,71.27,46.28,39.32,47.37,19.58,40.91
Tennis Court Rent (1 Hour on Weekend),18.33,15.66,11.67,24.72,12.1,22.96,7.07,9.38,16.73,9.71,8.5,6.68,6.82,16.17,16.81,10.37,16.31,10.58,8.27,11.48,16.06,6.44,13.33,25.64,12.13,9.45,20.05,19.11,11.18,9.98,16.84,11.08,19.25,10.43,6.02,20.62,19.23,24.45,14.6,8.95,22.27,10.73,10.0,10.7,26.39,7.52,14.29,15.39,23.05,9.43,29.12,20.92,12.32,2.99,9.19,21.11,10.35,21.0,11.36,15.44,6.81,26.32,10.14,8.55,29.52,8.0,9.08,20.58,11.0,21.05,13.66,10.56,22.46,17.57,14.4,12.47,12.26,6.4,30.1,30.51,13.78,6.47,5.12,10.76,18.07,17.98,7.38,7.45,18.12,11.82,15.95,7.39,10.28,11.86,9.31,12.39,18.39,9.67,18.46,13.48,16.81,11.07,26.51,9.2,13.26,5.75,7.92,11.89,11.08,23.03,5.18,8.57,5.58,24.29,7.29,7.54,11.62,18.33,7.02,12.75,16.66,10.45,12.08,7.07,8.51,11.8,8.37,8.89,33.0,26.48,5.09,26.69,9.29,15.41,24.9,15.63,10.48,11.17,31.8,20.7,15.94,25.26,13.09,1.42,32.9,11.31,5.35,13.15,9.24,9.5,8.84,17.31,8.21,16.94,16.6,14.14,11.99,13.5,7.52,16.73
"Cinema, International Release, 1 Seat",5.14,3.82,3.06,14.0,5.19,10.0,4.51,2.55,3.69,3.58,3.06,3.69,3.5,3.82,8.5,3.59,3.68,3.57,3.75,4.31,9.62,3.19,9.62,12.0,4.24,4.52,11.0,12.0,5.61,8.0,9.62,6.14,12.0,6.12,3.4,11.0,10.0,8.98,10.78,8.66,10.31,10.75,5.0,10.31,14.75,10.33,8.94,13.47,11.67,3.58,14.15,12.0,7.99,10.78,5.37,12.0,5.91,8.0,5.2,5.78,7.09,9.78,9.7,4.49,9.78,3.85,7.62,12.0,5.9,10.77,14.0,13.47,5.39,7.78,7.09,7.93,5.91,3.98,14.38,14.72,6.78,3.17,3.48,3.8,7.0,8.0,9.88,11.57,10.78,7.0,6.51,5.29,4.92,6.95,5.29,5.39,7.0,5.65,8.5,12.58,13.48,5.43,13.48,6.27,6.28,3.59,3.16,5.23,9.0,8.0,3.8,5.02,2.53,8.66,3.8,4.43,8.0,10.0,2.53,7.21,10.36,5.23,9.02,3.16,4.06,7.81,7.42,3.8,11.57,10.14,3.54,12.82,5.99,4.04,5.5,5.63,5.9,8.94,7.68,12.34,12.0,6.6,5.1,9.32,16.64,4.7,5.35,9.29,3.28,3.06,3.75,4.4,3.06,11.0,10.37,12.38,11.19,12.43,3.66,5.39
1 Pair of Jeans (Levis 501 Or Similar),71.86,36.15,33.2,83.41,56.54,86.65,42.38,63.44,43.59,40.8,24.3,30.9,37.62,41.62,80.36,40.51,62.56,53.86,64.99,64.03,42.31,39.79,45.49,84.49,65.5,74.37,86.04,81.36,42.91,74.39,45.53,55.98,84.5,38.91,61.05,100.8,81.47,58.37,39.01,61.63,47.84,63.43,56.9,47.41,58.4,44.76,41.31,43.34,45.28,44.78,92.08,73.23,61.69,36.03,73.88,76.37,56.98,60.72,66.1,44.51,22.49,57.76,36.88,52.06,56.09,48.26,58.75,76.44,72.06,39.76,76.44,44.31,44.34,58.75,66.64,71.75,63.32,49.78,47.04,102.61,62.23,32.44,25.09,29.16,69.4,71.23,35.14,70.72,45.22,79.84,61.02,47.07,40.27,84.43,43.79,58.08,50.87,48.59,72.91,43.37,55.68,42.44,42.55,46.69,59.55,35.25,25.76,49.15,71.0,71.23,29.66,52.92,26.94,55.34,30.56,33.43,69.0,78.53,26.6,66.95,86.54,45.43,60.58,29.84,48.85,60.73,55.13,31.35,108.5,59.21,34.41,85.93,49.47,57.87,60.21,44.09,57.47,44.12,40.04,77.49,77.61,83.46,43.59,56.55,106.93,51.8,42.43,59.31,39.61,35.67,59.94,65.73,29.38,72.59,81.25,61.86,57.64,61.22,32.34,56.57
"1 Summer Dress in a Chain Store (Zara, H&M, ...)",38.25,25.91,22.48,31.41,35.37,32.8,44.32,26.64,40.16,29.7,27.81,28.7,29.14,32.29,31.39,28.55,38.29,29.39,42.65,40.73,30.61,37.3,33.79,37.62,27.28,50.34,36.0,29.35,24.77,27.6,34.91,27.08,31.55,25.6,31.26,37.56,31.93,42.06,33.93,33.52,31.55,33.45,31.14,35.88,37.28,29.97,28.48,27.76,35.06,38.14,37.59,34.45,26.4,39.5,30.63,33.13,27.82,33.49,29.86,23.96,23.63,44.76,33.83,29.84,46.54,31.9,30.91,32.85,30.29,30.57,37.03,30.85,32.52,41.24,35.36,33.18,30.61,28.57,34.37,38.2,29.24,41.29,18.11,33.33,30.12,28.6,30.88,30.29,34.47,30.18,32.26,30.1,31.76,29.37,28.21,27.52,35.79,29.92,25.34,32.83,38.39,30.68,35.25,32.2,30.88,32.67,31.09,29.63,26.98,30.54,27.71,31.39,23.73,46.12,33.54,39.62,29.32,32.94,26.36,32.38,46.73,25.72,31.0,29.48,27.86,33.0,33.3,29.83,45.09,59.53,31.74,33.52,39.77,34.32,43.17,34.81,26.98,31.69,35.07,36.36,35.45,44.54,45.87,35.4,46.47,37.56,26.97,32.05,29.82,24.1,40.06,43.52,17.75,33.81,56.11,36.07,32.49,38.11,40.48,41.74
1 Pair of Nike Running Shoes (Mid-Range),74.88,61.31,52.74,82.49,86.25,86.32,114.98,73.77,93.36,68.04,49.71,73.25,81.51,73.85,79.79,66.7,74.23,71.16,90.65,98.26,66.55,71.6,64.09,93.85,74.8,97.01,92.46,78.11,69.62,71.64,72.18,67.24,85.25,58.15,71.99,91.65,81.71,99.0,67.69,81.17,73.58,83.44,72.86,72.71,71.31,74.95,64.95,71.03,73.0,74.49,97.4,88.13,64.3,70.62,78.16,90.08,60.83,69.47,70.49,49.88,54.02,79.53,61.38,73.33,85.37,69.88,71.83,84.29,63.96,66.91,77.94,70.02,59.09,75.4,71.72,72.06,64.57,62.03,75.39,101.26,76.41,50.11,50.58,52.08,71.96,78.22,66.48,79.41,72.05,76.47,69.56,83.98,71.81,68.5,75.01,68.09,72.82,72.83,79.48,69.96,77.2,68.69,75.86,56.44,64.38,68.86,42.83,63.06,71.17,67.16,42.78,56.2,38.55,83.76,47.87,54.08,65.48,81.5,41.62,81.63,114.41,60.43,78.11,41.37,66.37,82.77,88.52,47.14,126.37,84.76,46.57,92.5,65.38,86.17,87.4,73.19,63.26,68.19,71.26,74.2,85.42,88.3,73.9,75.21,111.39,73.47,70.59,87.0,65.65,55.84,85.5,82.6,57.01,78.65,104.25,75.79,76.64,86.5,114.49,88.39
1 Pair of Men Leather Business Shoes,100.72,50.58,42.2,120.97,94.38,135.8,56.92,74.25,76.12,57.71,38.55,67.54,66.79,72.78,116.65,61.59,91.27,86.28,105.76,110.43,84.89,45.83,83.04,133.43,92.13,107.27,135.0,110.76,66.04,87.5,99.17,71.3,130.28,63.31,82.88,123.76,104.49,102.15,88.55,93.88,91.59,101.35,83.54,97.36,120.05,106.6,75.29,91.75,96.56,86.52,132.04,100.52,76.5,89.32,92.24,120.78,69.58,85.56,80.9,68.12,46.33,80.32,86.21,82.53,87.23,66.61,78.65,124.0,76.16,82.55,93.35,94.26,76.53,119.08,85.27,90.95,77.59,59.53,113.98,129.68,90.59,36.31,28.05,33.12,96.0,92.58,82.84,115.84,86.29,90.45,89.59,73.81,85.26,74.45,82.04,78.72,96.96,72.78,92.5,101.32,134.75,69.89,111.44,63.31,73.59,61.57,29.11,69.49,86.22,88.33,35.07,63.36,29.83,78.59,37.65,43.62,88.33,108.19,32.19,92.51,114.91,71.72,105.25,30.39,73.57,97.81,85.25,35.47,164.79,84.4,37.77,126.6,65.54,83.35,86.8,77.22,63.83,82.98,54.2,108.28,95.52,111.66,79.85,76.91,171.22,69.2,76.79,83.57,83.08,47.0,97.41,82.09,46.84,116.11,110.38,84.07,86.35,94.94,49.58,84.05
Price per Square Meter to Buy Apartment in City Centre,2476.05,1315.18,856.54,7444.54,904.82,8221.95,695.67,1328.34,1307.4,1016.15,1228.74,1791.94,2317.13,2188.9,6421.74,1021.06,1412.29,1690.41,961.38,1652.8,3412.99,714.1,2283.92,7733.98,2502.53,1107.23,11203.03,3471.67,950.91,1745.83,3379.74,1560.46,3648.71,1016.49,1569.73,4334.9,6051.94,3589.98,3919.75,17864.28,7385.25,6247.73,1337.62,8649.48,9581.79,4399.4,2217.04,8867.39,3656.41,1119.15,8323.16,6486.36,3178.46,2375.25,2701.8,6250.0,2664.65,1845.24,2602.99,1963.73,2703.78,3137.18,1989.15,950.35,3101.67,1708.68,2739.92,10308.33,2021.62,1935.47,15242.29,7026.01,1953.02,13807.23,3273.89,4972.45,2135.98,2759.98,13179.53,6157.07,3541.67,1416.37,1935.85,874.62,1983.0,1886.28,2150.04,27720.21,3522.58,4298.53,13398.23,2378.77,1650.37,2653.79,618.83,2913.16,2745.14,900.68,4342.92,5352.13,11670.67,1589.12,6588.64,1277.19,1786.57,802.53,780.22,1900.75,5233.54,2632.65,1578.13,1293.58,1647.69,3986.95,1783.51,1534.45,2605.35,6403.78,966.07,2222.38,10968.44,1376.56,11375.12,1031.14,1227.84,12057.49,4978.84,6038.18,4384.32,1218.93,1491.93,8841.79,2865.01,1526.65,1412.49,1769.77,1351.78,3863.77,2337.54,5547.68,5457.63,5311.38,1203.97,2482.56,11400.6,1383.05,2334.19,3996.61,2197.78,692.22,1182.64,1273.8,573.51,3232.14,7929.81,5967.57,4005.94,8435.22,672.49,1388.16
Price per Square Meter to Buy Apartment Outside of Centre,1507.7,657.05,508.14,4099.36,589.13,3719.51,407.03,1008.17,647.53,922.24,596.05,936.95,1102.68,1438.46,2926.09,632.67,955.57,994.5,525.36,802.55,2123.54,504.39,1715.29,4988.62,1345.89,645.76,8334.37,2559.09,693.33,1279.03,2010.41,1049.71,2604.81,682.83,1090.36,3548.5,3803.7,1538.73,1955.36,8977.26,5730.86,5090.16,1036.79,6413.13,5268.04,2753.97,1765.32,4036.93,1816.95,691.71,5593.16,4142.86,2339.13,1391.52,1892.37,3735.71,1775.17,1140.27,1639.29,1915.99,727.85,2577.28,1047.43,506.92,1957.5,1364.64,2039.24,7458.7,1409.71,1509.67,8142.19,4434.17,1430.09,6552.41,2125.57,3474.2,1530.15,1362.08,6891.37,4258.87,2605.88,694.3,933.95,585.38,1235.42,1748.42,1403.23,17532.98,2371.28,2414.28,6701.37,1184.1,726.22,1571.46,694.26,1908.92,1679.63,641.14,3044.23,3605.03,8658.93,1179.83,4065.0,979.61,1087.44,390.61,397.97,1409.13,2966.34,1810.14,685.08,882.21,672.8,2696.24,857.45,940.84,1350.0,4164.43,537.56,1780.26,7192.46,1053.88,6378.89,535.32,881.05,6130.48,2299.65,2404.08,3273.73,819.22,808.94,5282.64,2208.84,1067.94,1305.61,875.41,1069.61,2297.9,1553.09,3692.31,4134.61,2540.11,672.98,1715.15,7405.74,714.57,1128.49,2656.91,1104.45,420.59,609.22,788.31,385.98,2538.1,4754.16,4802.08,2866.79,5375.57,291.12,947.32
Average Monthly Net Salary (After Tax),645.94,436.0,392.07,2382.56,286.95,1601.0,221.7,430.69,294.03,498.68,184.17,354.62,347.14,596.3,1466.06,695.46,537.99,486.12,337.4,516.75,2956.33,285.79,2552.22,2646.66,437.24,360.47,2215.02,2603.84,514.73,660.51,2904.67,708.65,2312.39,511.5,439.58,2214.18,2289.46,859.89,4097.92,2988.12,2352.69,2344.96,484.81,2625.31,2657.42,2338.36,2068.87,4132.08,3717.02,374.42,2985.88,2618.29,1059.38,4202.0,903.99,2532.52,855.87,806.02,865.09,618.33,327.85,2369.85,3568.78,248.07,2577.55,306.08,1022.13,2627.51,791.94,3132.38,2756.93,3968.48,706.33,2120.34,979.42,1183.75,848.11,923.24,4665.46,2803.98,1155.72,380.27,244.23,536.67,771.0,787.01,3113.47,2387.66,3403.15,913.81,1137.26,1140.76,336.43,801.61,933.21,755.32,912.37,1089.06,1444.48,4293.13,6532.21,439.49,4741.65,554.56,658.66,205.98,303.54,642.86,1578.77,1188.81,579.22,529.52,403.82,2827.76,473.8,859.33,1342.17,1900.43,441.12,642.49,2306.23,613.27,1340.77,323.06,393.01,1111.52,668.6,487.96,2908.86,545.55,531.09,2476.17,483.99,433.37,708.44,405.7,689.44,2182.51,470.25,2183.46,2531.16,970.29,335.33,2653.26,5714.8,295.66,358.2,3030.03,414.33,440.17,341.38,436.28,443.85,2289.69,1911.12,2791.96,2493.77,3018.36,163.94,527.18
"Mortgage Interest Rate in Percentages (%), Yearly, for 20 Years Fixed-Rate",10.29,19.08,22.23,1.38,9.42,1.95,13.42,4.46,8.21,11.24,11.06,8.39,9.15,11.28,2.12,10.25,10.56,4.6,19.1,19.52,3.48,9.23,3.62,2.33,3.99,19.0,1.63,2.41,4.11,4.56,3.63,3.51,2.21,4.28,3.49,2.55,1.85,7.35,4.09,2.52,3.33,4.22,6.55,3.78,1.46,3.7,3.45,4.22,4.23,15.4,2.81,1.91,1.58,4.19,3.9,1.88,4.07,2.47,4.13,3.73,13.86,4.07,4.14,12.37,4.32,11.48,2.74,1.76,4.03,4.31,3.31,4.13,5.26,3.56,4.05,2.71,3.71,4.6,4.17,1.62,3.19,9.35,14.45,9.21,2.48,4.73,4.2,2.56,4.18,2.11,5.14,10.64,5.19,2.59,10.64,4.82,2.39,10.41,2.39,4.11,4.18,8.95,4.14,4.7,6.32,18.36,9.75,5.4,2.13,2.39,9.19,5.14,9.89,4.8,9.23,9.22,2.36,2.1,9.53,8.0,3.67,5.15,1.9,9.13,5.52,5.08,5.57,9.21,6.3,7.91,9.27,2.46,48.69,14.63,9.45,4.87,3.77,3.46,9.67,2.8,3.43,10.07,12.38,4.1,1.57,11.59,8.0,4.02,10.0,20.19,18.96,10.79,19.05,1.68,3.75,4.11,4.31,3.82,16.17,10.71
Taxi Start (Normal Tariff),1.47,0.76,0.61,6.0,1.3,5.0,0.39,1.02,0.84,1.43,1.99,0.39,0.47,0.62,4.0,0.67,1.47,0.97,1.5,1.69,2.61,0.16,2.58,5.0,1.44,1.88,5.0,3.19,0.5,3.5,2.65,0.41,3.0,0.56,0.85,5.0,3.9,5.39,2.25,2.4,2.75,2.27,1.0,2.41,3.91,2.34,2.58,2.69,2.92,0.95,10.11,3.5,3.0,2.94,1.34,3.5,1.65,2.0,1.65,0.35,2.22,2.94,2.52,0.93,2.93,1.24,2.38,3.7,1.42,3.14,4.67,2.69,1.8,2.96,1.89,1.59,1.42,0.66,2.7,6.69,1.0,0.63,0.3,0.63,0.8,3.5,2.92,2.78,2.7,3.48,1.69,1.25,2.05,3.5,1.17,2.1,1.0,1.25,2.5,2.52,3.14,1.97,2.34,0.42,0.42,0.54,0.63,0.52,3.0,2.5,0.63,0.52,1.27,2.47,0.63,0.63,4.0,4.0,0.63,0.99,3.21,0.52,2.1,0.38,0.65,1.82,1.04,0.28,5.02,0.44,0.63,4.27,0.72,1.68,1.02,0.7,1.42,2.41,1.1,4.84,4.0,1.89,3.4,2.8,6.47,1.13,0.71,2.6,0.46,0.69,1.88,1.58,0.64,3.0,3.11,3.1,3.11,2.49,0.34,1.35
Taxi 1km (Normal Tariff),0.26,0.47,0.57,1.0,0.18,1.12,0.17,0.77,0.32,0.46,0.6,0.43,0.54,0.29,1.41,0.38,0.21,0.61,0.26,0.26,1.15,0.32,1.13,2.35,0.55,0.26,1.35,3.0,0.43,1.0,1.21,0.41,2.17,0.45,0.48,2.2,2.0,1.8,1.51,0.37,1.26,1.49,0.5,1.3,3.44,1.35,1.18,1.67,1.26,0.35,1.42,2.0,0.82,1.06,0.67,2.0,0.54,0.64,0.57,1.16,1.77,0.46,1.54,0.23,0.49,1.37,1.19,1.9,0.57,1.54,2.97,1.67,1.8,0.59,0.57,1.11,0.59,0.44,1.59,2.01,0.9,0.15,0.25,0.15,0.55,0.74,1.24,0.98,1.45,0.47,0.3,0.62,2.0,0.48,0.75,0.9,0.6,0.72,1.15,1.67,1.95,1.36,1.51,0.43,0.42,0.18,0.19,0.48,1.1,0.5,0.23,0.52,0.19,0.47,0.19,0.16,1.08,1.42,0.19,0.62,0.96,0.52,0.75,0.22,0.41,0.39,0.25,0.28,2.28,0.39,0.23,1.31,0.34,0.25,1.04,0.68,0.47,1.2,0.6,1.36,1.35,0.21,2.55,1.16,4.16,0.19,0.24,1.34,0.33,0.46,0.26,0.15,0.5,1.95,0.95,1.11,1.07,1.37,0.14,1.35
Taxi 1hour Waiting (Normal Tariff),4.4,3.59,3.51,47.04,3.11,28.32,1.13,7.66,1.58,7.16,2.78,1.16,1.17,4.94,27.0,7.18,3.53,5.11,3.38,3.0,19.8,4.79,20.62,40.33,6.37,4.52,39.02,36.0,6.12,11.81,13.67,6.75,25.0,7.66,4.25,36.0,30.0,11.95,26.06,11.99,21.33,31.36,6.0,23.28,28.64,28.69,21.45,25.14,21.55,2.62,43.49,33.0,15.0,18.42,5.37,30.0,8.27,7.8,8.5,9.02,1.77,7.34,21.56,1.56,7.33,5.5,10.71,29.0,7.08,29.09,40.82,26.21,8.98,9.33,9.45,14.28,5.91,5.53,26.95,53.55,13.9,1.02,0.6,0.76,8.5,11.81,32.32,11.8,29.2,14.8,5.21,3.11,12.31,14.8,4.36,13.48,8.0,6.27,22.1,22.46,29.65,5.43,26.95,4.18,3.98,2.31,0.89,4.75,23.5,10.5,0.76,5.23,0.76,7.92,0.76,1.14,19.32,27.8,0.95,8.81,23.31,5.02,7.06,0.76,4.87,4.69,3.56,1.27,57.64,6.34,1.27,49.38,4.12,2.59,5.95,4.11,8.5,26.81,7.24,51.18,26.73,7.92,3.4,24.48,73.78,2.25,2.14,30.46,2.76,3.82,3.0,4.4,2.75,30.0,21.24,21.18,30.45,35.05,2.25,8.98
Apples (1kg),1.29,0.85,0.77,2.1,0.7,2.13,1.31,0.86,0.69,1.96,1.69,2.71,2.37,1.93,1.88,2.14,1.29,0.94,0.56,0.59,2.8,1.42,2.68,2.27,0.72,0.65,3.04,2.23,0.89,1.15,2.7,1.01,2.09,1.01,0.71,2.19,2.15,1.71,4.02,3.0,2.84,2.23,0.7,2.7,6.58,3.06,2.61,3.96,4.47,1.04,2.56,2.24,1.57,3.7,1.06,2.29,0.76,1.04,0.78,1.41,2.37,2.19,3.19,0.74,1.97,1.83,1.19,2.26,0.69,2.86,2.11,3.93,3.26,6.7,0.73,1.25,0.68,2.41,5.63,2.44,1.36,1.8,2.4,1.81,0.88,1.34,2.93,3.07,4.7,1.48,1.7,1.49,0.89,1.71,1.25,1.03,0.84,1.38,1.73,3.31,4.38,1.62,4.69,0.68,0.9,0.93,1.48,0.72,1.75,1.13,2.08,0.76,2.03,1.8,1.63,2.02,1.51,1.99,1.94,1.52,2.67,0.74,4.43,1.63,0.73,2.19,2.81,1.85,2.09,1.88,2.05,2.47,1.02,0.95,3.76,1.33,0.66,2.55,1.44,2.4,2.09,1.28,1.75,2.63,3.82,0.9,2.17,2.58,2.8,0.8,0.76,1.48,0.81,2.17,2.76,2.56,2.41,2.77,1.48,2.07
Oranges (1kg),1.25,0.86,0.73,1.75,1.22,2.05,0.39,1.18,1.26,1.02,0.95,1.63,1.18,0.82,1.84,1.01,1.21,1.22,1.08,1.11,2.76,0.6,2.54,1.77,1.03,1.36,2.64,1.55,1.16,1.13,3.06,1.16,1.47,1.15,1.09,1.5,2.23,1.23,3.58,2.72,3.04,2.4,1.1,2.76,5.02,2.66,1.74,4.17,3.69,1.4,2.34,1.77,1.47,3.04,1.34,2.37,1.17,1.49,1.09,1.09,1.75,1.84,3.1,0.98,1.48,0.76,1.34,2.12,1.11,2.34,2.39,2.73,2.59,5.79,1.21,1.41,1.15,1.9,5.7,2.61,1.36,0.99,2.17,0.86,1.32,1.0,3.03,2.73,3.22,1.12,1.6,1.33,1.06,1.34,1.25,1.16,1.14,1.45,1.34,2.21,3.11,0.98,3.38,1.0,1.06,2.22,0.77,0.97,1.56,1.37,0.93,1.02,1.08,1.42,0.76,0.93,1.0,2.08,0.98,1.1,1.69,0.96,2.53,1.05,0.87,2.08,2.2,1.07,1.96,1.28,1.09,2.35,0.54,1.5,2.08,0.52,1.07,2.74,0.94,2.18,2.3,1.31,1.33,2.12,4.1,1.07,1.76,2.55,2.35,0.74,1.33,1.26,0.81,2.24,1.35,2.15,2.15,2.38,0.4,1.32
Potato (1kg),0.56,0.59,0.52,0.91,0.56,1.28,0.47,0.55,0.46,1.0,0.32,0.92,0.93,1.07,1.33,1.21,0.43,0.57,0.38,0.5,1.5,0.5,2.14,1.54,0.52,0.46,1.98,1.56,0.55,0.71,1.44,0.61,1.28,0.52,0.49,1.41,1.49,0.81,2.25,2.01,2.05,2.18,0.54,2.22,3.2,2.37,1.57,1.79,2.22,0.37,1.84,1.31,0.86,1.81,0.79,1.5,0.58,0.44,0.52,0.93,1.23,0.97,1.95,0.38,0.91,0.62,0.75,1.19,0.53,2.17,1.37,2.36,1.76,3.8,0.62,0.92,0.54,0.73,3.81,1.63,0.85,0.29,0.84,0.26,0.46,0.94,1.99,2.09,1.78,0.99,0.69,1.03,0.66,0.99,0.78,0.83,0.41,1.03,0.99,2.27,3.49,0.94,2.3,0.48,0.68,0.38,0.28,0.5,1.05,0.49,0.36,0.53,0.45,0.99,0.29,0.3,0.83,1.29,0.35,1.27,1.22,0.5,2.58,0.27,0.5,1.0,1.24,0.33,1.86,0.88,0.33,1.18,0.53,0.42,1.81,0.46,0.49,1.69,0.98,1.03,1.56,0.52,1.23,1.75,2.75,0.44,1.6,1.95,1.44,0.56,0.38,0.37,0.5,1.5,0.89,2.24,1.54,2.08,0.37,1.02
Lettuce (1 head),0.86,0.61,0.57,2.3,0.84,1.27,0.28,0.55,0.42,0.73,0.28,0.58,0.72,0.76,1.0,0.79,0.52,0.51,0.68,0.85,1.63,0.28,1.72,1.03,0.38,0.82,1.3,1.04,0.42,0.81,1.75,0.64,1.03,0.62,0.39,1.07,1.13,0.85,1.45,1.41,1.93,1.71,0.9,1.86,1.62,1.76,1.73,1.68,1.42,1.25,2.02,0.89,0.95,1.28,0.77,1.04,0.72,1.17,0.72,0.92,0.74,1.58,1.15,0.42,1.46,0.69,0.83,0.9,0.71,1.27,0.88,1.25,2.02,2.24,0.81,0.99,0.79,0.88,1.94,1.45,1.18,0.54,0.76,0.59,1.17,0.62,1.06,1.36,1.47,0.92,0.62,0.95,0.78,0.95,0.85,0.94,1.0,0.96,0.94,1.19,1.17,0.72,1.73,0.5,0.6,0.21,0.49,0.57,0.99,0.99,0.54,0.57,0.36,1.48,0.43,0.6,0.85,1.19,0.57,0.9,1.78,0.56,1.39,0.32,0.35,0.58,0.95,0.61,2.2,0.59,0.56,1.81,0.77,0.93,0.94,0.34,0.7,1.66,0.59,1.84,0.96,1.11,0.96,1.76,2.58,0.37,0.93,1.49,1.07,0.53,0.62,0.63,0.53,1.29,1.19,1.57,1.26,1.59,0.2,0.58
Cappuccino (regular),1.96,1.84,1.56,3.87,1.25,1.46,1.65,0.85,2.15,1.99,1.54,1.57,1.72,2.0,1.28,2.28,1.65,1.28,1.03,1.17,3.14,0.67,2.95,3.13,1.41,1.19,3.4,2.63,1.27,3.21,2.85,1.25,2.73,1.23,1.11,3.03,2.74,3.82,3.95,3.66,3.1,2.83,1.45,3.05,3.21,3.12,3.09,3.6,3.69,1.78,4.28,2.74,2.09,3.46,1.51,2.91,2.05,2.45,2.15,2.19,2.27,4.59,4.03,1.4,4.4,1.18,1.88,2.98,2.06,3.65,3.3,4.01,2.63,3.72,2.49,2.17,2.12,2.53,4.22,5.21,1.48,1.39,2.21,1.45,2.12,3.15,3.6,4.15,3.85,1.44,3.99,1.73,1.2,1.61,1.58,1.41,2.1,1.67,1.79,3.83,4.06,2.14,3.81,1.41,1.87,1.11,1.4,1.6,1.76,2.79,1.63,1.48,1.3,4.62,1.64,1.71,1.53,3.19,1.17,2.35,3.4,1.42,2.64,1.38,1.37,3.82,2.07,1.92,4.11,3.74,1.61,3.64,1.46,1.64,2.64,1.51,1.73,2.83,1.46,3.58,3.2,2.43,1.51,2.63,4.66,1.95,2.29,2.8,2.32,1.7,1.15,1.88,1.59,3.17,2.8,2.63,2.86,2.48,1.45,1.81
"Rice (white), (1kg)",0.92,1.3,1.31,2.13,0.93,2.25,0.65,1.05,1.05,1.04,0.79,0.79,0.71,0.95,2.02,0.87,0.83,1.05,0.97,1.04,2.0,0.56,2.53,1.9,1.09,0.97,1.79,1.87,1.08,1.52,2.42,1.08,1.7,1.05,1.03,1.92,1.76,1.46,2.6,2.01,2.46,1.68,1.12,2.87,5.04,4.41,2.62,3.68,3.92,0.8,2.43,1.9,1.13,3.54,1.69,2.21,0.82,1.38,0.84,1.04,1.67,1.53,3.09,0.91,1.68,0.82,1.42,1.8,0.72,2.98,1.52,3.25,1.51,3.61,0.87,1.42,0.83,1.05,5.7,1.98,1.46,0.9,0.52,1.02,1.12,1.7,4.53,1.82,3.91,0.9,1.13,1.45,1.09,0.86,1.11,1.02,1.41,1.25,1.02,3.96,4.15,0.96,4.1,1.07,1.09,0.82,0.74,0.89,1.03,1.39,0.68,0.95,0.67,1.43,0.79,0.9,0.88,1.26,0.65,1.01,2.25,0.89,3.05,0.59,1.05,1.13,1.2,0.73,2.37,1.43,0.7,2.43,0.77,1.02,1.82,1.09,0.82,2.09,0.91,2.31,1.59,1.09,0.93,1.61,2.52,1.08,0.91,1.43,0.86,1.26,1.02,0.95,1.4,2.19,2.06,1.58,1.96,1.65,0.66,1.34
Tomato (1kg),1.91,0.8,0.7,2.91,1.56,2.45,0.35,0.94,0.83,0.98,0.5,0.94,0.77,1.05,2.04,1.23,1.31,1.13,0.95,1.57,2.42,0.53,3.09,2.36,1.02,1.35,2.82,2.44,1.32,1.16,2.36,1.41,2.47,1.27,0.88,2.39,2.22,1.09,3.19,2.01,2.88,2.93,1.18,3.31,5.19,3.52,2.27,5.14,3.52,1.09,3.05,2.35,2.32,2.87,1.54,2.57,1.49,1.73,1.33,1.21,1.2,1.65,2.07,0.86,1.46,0.95,2.01,2.49,1.43,2.99,2.68,2.98,2.68,5.76,1.5,1.79,1.46,1.11,5.33,3.0,1.95,0.43,0.76,0.45,1.61,1.58,3.19,2.82,3.67,1.54,1.05,1.15,0.9,1.36,0.92,1.78,1.36,1.3,1.51,3.36,4.33,1.15,4.28,1.05,1.23,0.63,0.41,1.16,1.77,1.93,0.39,1.08,0.41,1.6,0.45,0.49,1.46,2.33,0.44,1.72,1.58,1.06,2.96,0.43,0.88,1.33,1.41,0.47,3.37,0.74,0.48,3.11,1.02,1.76,2.28,0.44,1.35,3.01,1.48,2.83,2.77,2.21,1.02,2.61,3.79,0.71,1.21,3.24,1.38,0.79,1.34,1.8,0.79,2.07,1.31,3.06,2.4,3.01,0.39,1.06
Banana (1kg),0.89,1.91,1.78,1.61,1.37,1.99,0.66,1.06,1.22,0.94,0.9,0.85,0.77,0.95,1.77,0.88,0.97,1.13,0.98,1.06,1.21,1.54,1.11,1.75,0.98,1.05,2.11,1.7,1.3,1.47,1.06,1.28,1.73,1.39,1.1,1.93,1.47,1.2,1.04,2.22,1.22,1.7,1.13,1.28,2.81,1.05,1.17,1.39,1.47,1.23,2.21,1.52,1.56,1.07,1.43,1.63,1.08,1.31,1.03,1.0,1.06,1.88,1.25,1.13,1.59,0.71,1.2,1.79,0.96,1.32,1.34,1.81,1.44,3.5,1.07,1.22,1.06,1.34,2.17,2.25,1.21,0.76,0.83,0.7,1.03,1.44,1.38,2.06,1.3,1.06,1.28,1.25,1.32,1.2,0.98,1.28,1.0,1.13,1.53,1.6,1.79,1.16,1.67,1.07,1.2,1.79,0.48,1.05,1.7,1.06,0.68,1.08,0.78,1.4,0.67,0.71,1.34,1.67,0.57,1.81,2.26,1.07,1.93,0.6,0.94,1.56,1.16,0.65,1.66,1.6,0.68,2.21,1.13,1.13,1.29,1.21,0.98,1.33,1.08,2.0,1.9,0.97,0.63,2.11,2.89,1.2,1.26,2.05,1.46,1.78,1.13,1.1,1.73,1.63,1.78,2.2,2.11,2.17,0.66,0.99
Onion (1kg),0.48,0.62,0.58,1.25,0.59,1.27,0.34,0.64,0.39,1.03,0.41,0.91,0.92,1.13,1.29,1.44,0.41,0.63,0.39,0.55,1.58,0.49,1.53,1.27,0.5,0.47,2.28,1.3,0.64,0.77,1.44,0.59,1.21,0.54,0.51,1.3,1.39,0.87,1.82,1.92,2.13,1.66,0.72,2.29,2.87,2.15,1.24,3.4,2.39,0.28,1.61,1.34,0.88,1.99,0.8,1.42,0.68,0.47,0.58,1.02,1.03,0.92,1.59,0.37,0.73,0.74,0.71,1.24,0.67,1.79,1.2,1.82,1.88,2.83,0.66,0.86,0.66,0.74,3.07,1.33,0.94,0.39,0.74,0.35,0.48,0.86,1.91,2.13,1.9,1.01,0.67,0.93,0.66,1.23,0.82,0.89,0.48,1.03,1.24,2.06,2.47,0.96,2.32,0.54,0.71,0.25,0.33,0.53,1.11,0.56,0.41,0.63,0.45,0.77,0.34,0.36,0.92,1.34,0.33,1.16,1.02,0.5,2.04,0.36,0.54,1.01,1.13,0.37,1.42,0.71,0.37,1.2,0.74,0.48,1.92,0.52,0.82,1.73,1.0,1.13,1.14,0.5,1.59,1.52,2.69,0.5,1.71,1.6,2.22,0.51,0.41,0.36,0.55,1.3,0.94,1.78,1.29,1.72,0.31,0.94
Beef Round (1kg) (or Equivalent Back Leg Red Meat),7.18,9.73,8.61,12.34,5.37,17.75,8.06,7.43,6.15,6.88,4.39,7.92,9.69,6.9,14.54,6.01,6.79,7.66,4.84,5.65,10.19,8.04,9.78,13.68,6.65,5.65,18.89,14.64,6.03,8.26,10.43,7.33,12.69,7.4,5.87,15.66,11.24,11.51,10.6,11.35,14.8,10.36,7.58,12.43,19.66,11.18,9.21,14.07,12.4,5.49,25.58,9.58,8.59,9.9,8.77,11.53,8.05,6.87,7.57,7.67,4.6,10.41,9.17,5.23,10.75,4.31,9.85,12.24,7.11,10.05,9.79,11.6,9.79,29.31,9.74,9.25,8.2,7.35,13.56,11.38,9.42,5.95,5.25,4.51,7.12,9.27,9.6,14.93,14.63,9.48,7.69,6.78,6.89,9.41,5.72,7.62,6.47,6.0,10.26,10.74,14.53,7.21,13.11,6.97,6.88,4.76,5.7,6.32,10.71,8.34,4.42,6.17,4.17,8.98,5.19,6.04,10.42,14.3,4.16,7.1,19.92,7.42,18.99,4.15,6.6,12.53,12.62,4.16,20.84,10.96,4.74,14.86,4.71,6.11,8.87,7.43,7.2,11.84,6.13,14.08,9.24,7.72,6.78,10.09,46.09,5.96,5.12,10.46,8.08,9.24,5.65,7.2,10.08,13.56,13.52,9.42,9.49,11.24,8.37,6.46
Toyota Corolla 1.6l 97kW Comfort (Or Equivalent New Car),19305.29,20874.72,20898.83,24402.77,17238.13,23233.33,21020.29,16529.98,18564.59,15579.09,46216.93,33491.64,30780.17,14844.85,23535.29,14421.34,18832.1,17681.12,21067.14,20758.91,15976.18,21400.1,16049.12,26696.43,17474.32,21373.22,24250.0,25728.62,17879.91,18173.5,16072.54,18183.2,23899.0,17065.34,17816.21,33271.6,19749.0,18766.59,18743.38,67345.1,17570.16,17575.02,17648.57,16057.11,18110.35,15784.74,16214.83,18411.02,18842.65,17285.46,31245.91,21048.75,15734.55,17561.12,19816.57,18687.14,18145.28,17447.92,17406.43,12884.76,13240.85,16818.27,18944.36,11163.69,17555.13,19255.63,19466.46,20552.31,17368.45,19092.7,25282.88,18702.58,17281.6,21511.36,18629.93,17568.31,18141.8,25033.13,18118.42,32048.06,19070.45,21138.58,32151.75,20946.7,18406.01,18860.32,18257.94,25340.81,20494.34,24381.58,15336.76,17607.3,17174.1,24087.5,17400.43,18153.92,17570.0,18124.04,20971.43,18876.87,20177.73,16586.24,20472.62,17335.45,18299.48,19227.58,20809.53,16513.42,21470.45,17310.65,22444.75,16999.32,21604.75,16539.84,21350.29,22201.55,18714.29,22357.62,21345.77,28427.94,34787.86,16218.73,20708.03,19667.56,17796.64,17412.39,25233.71,20378.51,30138.76,26341.51,21438.9,20991.58,16555.15,17670.15,23528.04,19226.1,17681.61,15522.12,19475.33,18262.15,25618.07,19737.85,20430.09,15167.61,21449.95,19843.59,16737.32,14810.45,27582.69,20134.24,20334.03,18129.31,20892.07,21788.33,34921.49,15221.84,15239.2,15066.62,23071.86,25324.92
"Preschool (or Kindergarten), Full Day, Private, Monthly for 1 Child",411.83,282.94,212.18,351.6,210.52,617.27,121.15,128.7,208.84,145.75,55.92,166.55,109.65,211.05,523.86,198.98,199.74,164.67,176.48,254.74,780.68,72.31,588.27,1542.42,245.94,210.98,877.75,1221.3,225.8,301.04,782.15,325.23,1116.67,263.81,167.1,1450.0,177.88,348.27,890.67,773.41,1022.99,704.18,133.33,849.75,604.02,710.97,375.57,1534.76,1025.73,153.08,319.19,374.56,400.4,800.09,144.52,279.09,195.09,332.8,189.82,353.88,176.06,532.13,806.88,97.73,490.9,223.12,332.95,567.78,197.95,786.6,1605.65,951.17,231.77,323.08,327.54,480.35,255.31,167.18,2106.38,429.52,368.78,48.37,45.28,87.89,308.57,366.83,678.35,640.36,1076.09,421.38,625.68,186.87,127.15,324.0,159.71,273.3,345.0,217.14,438.89,967.85,1959.36,222.68,1568.61,225.24,321.02,125.64,51.34,262.05,442.96,250.94,87.82,216.07,51.12,537.35,68.71,104.09,405.64,211.88,60.32,275.58,837.46,256.78,464.55,37.06,167.42,676.74,244.68,63.14,245.58,240.53,71.29,116.13,162.72,402.08,322.57,142.24,230.29,450.09,382.48,127.02,1041.49,523.31,152.38,396.25,2194.64,141.66,143.94,1074.36,140.45,242.55,192.51,222.83,200.51,695.44,566.18,1250.41,1190.12,1389.43,55.41,276.63
"International Primary School, Yearly for 1 Child",5388.86,6905.43,4948.41,1641.0,2679.3,10761.9,2781.29,1348.77,5657.01,2826.61,1154.07,8021.9,7237.44,4721.73,11972.73,4080.55,3166.47,3431.24,2033.83,7483.6,10418.14,1644.93,6840.27,13010.39,4803.12,2358.66,12939.69,4787.5,3725.87,6775.0,9040.16,4753.12,10142.86,3585.51,2644.23,6125.0,6829.05,4684.61,17537.93,18581.67,17653.1,12204.08,8400.0,14093.02,17051.34,10171.93,7763.44,24642.48,15972.64,4428.44,10981.56,12630.0,8060.0,16891.52,3840.88,13891.67,6511.18,12155.0,3593.18,5825.36,9069.26,9480.36,18762.48,1914.46,9343.89,5386.28,5549.5,11166.67,3659.83,12507.1,21240.0,19335.55,6092.58,16410.38,7943.07,8672.3,6726.13,6040.38,34441.93,7549.8,10118.75,1743.81,788.02,2190.01,6000.0,7385.58,13498.49,16701.41,16387.06,7840.74,20125.06,3441.21,2323.77,5992.86,3425.69,6677.13,7031.25,4754.58,7885.0,16232.63,25657.74,5049.27,19730.73,4127.26,6232.03,3996.17,1218.73,4327.18,7353.81,7666.24,2473.25,3218.01,1470.3,8918.89,1674.83,2512.76,7422.22,16035.71,1715.91,5749.21,9237.96,3668.81,10610.54,1126.1,3238.83,22470.47,13741.17,2070.3,6731.73,4568.62,1467.45,5785.11,3114.28,5345.2,7231.91,4031.18,3407.97,5704.32,10102.57,1660.95,8078.42,10478.53,5318.02,8815.92,28414.08,3020.37,5990.32,8746.12,5755.87,5303.45,2729.0,2474.58,4036.19,18342.86,4019.43,12874.09,11526.08,11933.55,2132.54,6410.05
